PubChem_CID,red,blue,F_ratio,PubChem_CID,red,blue
CID100005691,0.000000467 ,0.000686405,1471.038427 ,CID100005691,0,0
CID000002909,0.000002844 ,0.001411884,496.461020 ,CID000002909,0,1
CID000006031,0.000003434 ,0.000751099,218.732971 ,CID000006031,0,0
CID100001158,0.000003434 ,0.000751099,218.732971 ,CID100001158,0,0
CID000439155,0.000015067 ,0.003137085,208.209491 ,CID000439155,0,0
CID100000193,0.000015067 ,0.003137085,208.209491 ,CID100000193,0,0
CID100001117,0.000005175 ,0.001054473,203.761181 ,CID100001117,0,0
CID100001079,0.000034607 ,0.005712758,165.077223 ,CID100001079,0,0
CID000066840,0.000006620 ,0.0010845,163.811303 ,CID000066840,0,0
CID000312145,0.000006620 ,0.0010845,163.811303 ,CID000312145,0,0
CID100000857,0.000004115 ,0.000667736,162.284598 ,CID100000857,0,0
CID100006329,0.000002202 ,0.000327751,148.828513 ,CID100006329,0,0
CID000006329,0.000003482 ,0.000518183,148.828498 ,CID000006329,0,0
CID000000271,0.000020549 ,0.002539073,123.562009 ,CID000000271,0,0
CID100000271,0.000020549 ,0.002539073,123.562009 ,CID100000271,0,0
CID100001110,0.000003133 ,0.000280521,89.538990 ,CID100001110,0,0
CID100000051,0.000004497 ,0.000402675,89.538990 ,CID100000051,0,0
CID016404350,0.000020838 ,0.001805816,86.658686 ,CID016404350,0,1
CID100004462,0.000046374 ,0.003892782,83.942651 ,CID100004462,0,0
CID100119058,0.000016276 ,0.001174694,72.173692 ,CID100119058,0,0
CID100440613,0.000002598 ,0.000181911,70.027990 ,CID100440613,0,0
CID000092153,0.000000892 ,6.24E-05,70.027990 ,CID000092153,0,0
CID100000074,0.000000892 ,6.24E-05,70.027990 ,CID100000074,0,0
CID000445344,0.000002638 ,0.000184713,70.027990 ,CID000445344,0,0
CID000446013,0.000000954 ,6.68E-05,70.027990 ,CID000446013,0,0
CID100000380,0.000002638 ,0.000184713,70.027990 ,CID100000380,0,0
CID100000705,0.000000954 ,6.68E-05,70.027990 ,CID100000705,0,0
CID000165390,0.000000663 ,4.64E-05,70.027990 ,CID000165390,0,0
CID100000877,0.000000663 ,4.64E-05,70.027990 ,CID100000877,0,0
CID100001126,0.000002615 ,0.000183112,70.027990 ,CID100001126,0,0
CID100000586,0.000004847 ,0.000330255,68.139776 ,CID100000586,0,0
CID000439762,0.000001849 ,0.000120478,65.155894 ,CID000439762,0,0
CID100001116,0.000001849 ,0.000120478,65.155894 ,CID100001116,0,0
CID000439284,0.000001952 ,0.000127215,65.155894 ,CID000439284,0,0
CID100000719,0.000001630 ,0.000106211,65.155894 ,CID100000719,0,0
CID000440641,0.000001393 ,9.08E-05,65.155894 ,CID000440641,0,0
CID000066370,0.000002536 ,0.000165261,65.155894 ,CID000066370,0,0
CID000018396,0.000003406 ,0.000221934,65.155894 ,CID000018396,0,0
CID100000732,0.000003351 ,0.000218367,65.155894 ,CID100000732,0,0
CID000006830,0.000049128 ,0.003168541,64.495636 ,CID000006830,0,0
CID100000762,0.000049128 ,0.003168541,64.495636 ,CID100000762,0,0
CID006450842,0.000023722 ,0.001431576,60.347050 ,CID006450842,0,1
CID100000232,0.000005863 ,0.000337099,57.494585 ,CID100000232,0,0
CID100000703,0.000006484 ,0.00036751,56.675405 ,CID100000703,0,0
CID100023925,0.000004181 ,0.000231167,55.283941 ,CID100023925,0,0
CID000000784,0.000004990 ,0.000275866,55.283941 ,CID000000784,0,0
CID100000784,0.000004990 ,0.000275866,55.283941 ,CID100000784,0,0
CID000001110,0.000005894 ,0.000300067,50.907020 ,CID000001110,0,0
CID000008629,0.000007907 ,0.000394326,49.873324 ,CID000008629,0,0
CID005459784,0.000003240 ,0.00016025,49.458778 ,CID005459784,0,0
CID100000513,0.000003261 ,0.000161274,49.458778 ,CID100000513,0,0
CID100000311,0.000004088 ,0.000202206,49.458778 ,CID100000311,0,0
CID005318532,0.000004076 ,0.000201592,49.458778 ,CID005318532,0,0
CID100001198,0.000004105 ,0.000203025,49.458778 ,CID100001198,0,0
CID100000309,0.000003857 ,0.000190745,49.458778 ,CID100000309,0,0
CID000000992,0.000002199 ,0.000103712,47.162935 ,CID000000992,0,0
CID100000992,0.000002199 ,0.000103712,47.162935 ,CID100000992,0,0
CID100021307,0.000002374 ,0.000111949,47.162935 ,CID100021307,0,0
CID100000723,0.000003886 ,0.000183275,47.162935 ,CID100000723,0,0
CID000439456,0.000013355 ,0.00061395,45.970402 ,CID000439456,0,0
CID100000806,0.000013438 ,0.00061624,45.857082 ,CID100000806,0,0
CID100000928,0.000083012 ,0.003660732,44.098881 ,CID100000928,0,0
CID100000317,0.000012079 ,0.000532575,44.092052 ,CID100000317,0,0
CID000087642,0.000012061 ,0.000531662,44.081280 ,CID000087642,0,0
CID100001167,0.000002997 ,0.000126987,42.371287 ,CID100001167,0,0
CID100000900,0.000002518 ,0.000106706,42.371287 ,CID100000900,0,0
CID000445675,0.000002975 ,0.000126066,42.371287 ,CID000445675,0,0
CID000440364,0.000002056 ,8.71E-05,42.371287 ,CID000440364,0,0
CID100000724,0.000003556 ,0.000145512,40.917476 ,CID100000724,0,0
CID100000729,0.000005683 ,0.000232531,40.917476 ,CID100000729,0,0
CID100000283,0.000002449 ,0.000100204,40.917476 ,CID100000283,0,0
CID000439183,0.000002871 ,0.000117464,40.917476 ,CID000439183,0,0
CID000006804,0.000011802 ,0.000481407,40.788577 ,CID000006804,0,0
CID100000761,0.000011802 ,0.000481407,40.788577 ,CID100000761,0,0
CID000008977,0.000309099 ,0.012224872,39.550064 ,CID000008977,0,0
CID100000730,0.000309099 ,0.012224872,39.550064 ,CID100000730,0,0
CID100000647,0.000006406 ,0.000248235,38.747980 ,CID100000647,0,0
CID000023930,0.000004430 ,0.000163278,36.855971 ,CID000023930,0,0
CID100023930,0.000004430 ,0.000163278,36.855971 ,CID100023930,0,0
CID000000767,0.000002643 ,9.74E-05,36.855971 ,CID000000767,0,0
CID100000767,0.000002643 ,9.74E-05,36.855971 ,CID100000767,0,0
CID100001005,0.000004562 ,0.000168131,36.855971 ,CID100001005,0,0
CID100000970,0.000004524 ,0.000166745,36.855971 ,CID100000970,0,0
CID100001060,0.000004472 ,0.000164838,36.855971 ,CID100001060,0,0
CID100001003,0.000457404 ,0.016557727,36.199349 ,CID100001003,0,0
CID000006133,0.000015363 ,0.000550697,35.846202 ,CID000006133,0,0
CID100001181,0.000015363 ,0.000550697,35.846202 ,CID100001181,0,0
CID000005819,0.000016403 ,0.00055424,33.789704 ,CID000005819,0,0
CID003001028,0.000006488 ,0.000219235,33.789703 ,CID003001028,0,0
CID005280723,0.000006391 ,0.000215948,33.789703 ,CID005280723,0,0
CID000448457,0.000006477 ,0.000218872,33.789703 ,CID000448457,0,0
CID000004462,0.000140186 ,0.004725587,33.709423 ,CID000004462,0,0
CID100000222,0.000019644 ,0.000639001,32.528899 ,CID100000222,0,0
CID000122357,0.000005760 ,0.000185324,32.175535 ,CID000122357,0,0
CID100000697,0.000005760 ,0.000185324,32.175535 ,CID100000697,0,0
CID100000230,0.000005707 ,0.000183625,32.175535 ,CID100000230,0,0
CID100001132,0.000005725 ,0.000184191,32.175535 ,CID100001132,0,0
CID000077982,0.000005701 ,0.000183436,32.175535 ,CID000077982,0,0
CID000000222,0.000019190 ,0.000615999,32.099686 ,CID000000222,0,0
CID000006176,0.000010561 ,0.000336708,31.881721 ,CID000006176,0,0
CID100000593,0.000010561 ,0.000336708,31.881721 ,CID100000593,0,0
CID000005884,0.000013628 ,0.000422485,31.002254 ,CID000005884,0,0
CID100000930,0.000014198 ,0.000439053,30.923654 ,CID100000930,0,0
CID100001023,0.000049301 ,0.001495241,30.328525 ,CID100001023,0,0
CID100023994,0.000061293 ,0.001839724,30.015143 ,CID100023994,0,0
CID000005885,0.000030366 ,0.000908432,29.916093 ,CID000005885,0,0
CID100000929,0.000030366 ,0.000908432,29.916093 ,CID100000929,0,0
CID100000205,0.000008281 ,0.000235736,28.468650 ,CID100000205,0,0
CID100000224,0.000075397 ,0.002145979,28.462423 ,CID100000224,0,0
CID100439167,0.000009860 ,0.00027864,28.260191 ,CID100439167,0,0
CID000000977,0.000069945 ,0.001953381,27.927449 ,CID000000977,0,0
CID100000977,0.000069945 ,0.001953381,27.927449 ,CID100000977,0,0
CID000009290,0.000004655 ,0.000122162,26.241429 ,CID000009290,0,0
CID000151228,0.000004471 ,0.000117331,26.241429 ,CID000151228,0,0
CID100151228,0.000004471 ,0.000117331,26.241429 ,CID100151228,0,0
CID100000604,0.000006391 ,0.000167714,26.241429 ,CID100000604,0,0
CID100001166,0.000031030 ,0.000808908,26.068531 ,CID100001166,0,0
CID100000765,0.000003578 ,9.27E-05,25.913585 ,CID100000765,0,0
CID054676905,0.000056991 ,0.001445084,25.356253 ,CID054676905,0,1
CID000644066,0.000003995 ,9.90E-05,24.781916 ,CID000644066,0,0
CID100000869,0.000003995 ,9.90E-05,24.781916 ,CID100000869,0,0
CID100000813,0.000023798 ,0.000577754,24.277130 ,CID100000813,0,0
CID000006131,0.000005131 ,0.000117116,22.826765 ,CID000006131,0,0
CID000006030,0.000006212 ,0.000141807,22.826765 ,CID000006030,0,0
CID100001172,0.000006212 ,0.000141807,22.826765 ,CID100001172,0,0
CID100000940,0.000003545 ,8.09E-05,22.826765 ,CID100000940,0,0
CID100001041,0.000005525 ,0.000126125,22.826765 ,CID100001041,0,0
CID000439924,0.000003428 ,7.82E-05,22.826765 ,CID000439924,0,0
CID100000314,0.000005160 ,0.000117784,22.826765 ,CID100000314,0,0
CID000014180,0.000003048 ,6.96E-05,22.826765 ,CID000014180,0,0
CID100000939,0.000003048 ,6.96E-05,22.826765 ,CID100000939,0,0
CID100000596,0.000006030 ,0.000137637,22.826765 ,CID100000596,0,0
CID000006175,0.000005927 ,0.000135301,22.826765 ,CID000006175,0,0
CID100002514,0.000017679 ,0.000398973,22.568116 ,CID100002514,0,0
CID000002514,0.000017522 ,0.000394737,22.527997 ,CID000002514,0,0
CID000006022,0.000566822 ,0.012713018,22.428594 ,CID000006022,0,0
CID100000197,0.000566822 ,0.012713018,22.428594 ,CID100000197,0,0
CID000024316,0.000012634 ,0.000273031,21.611031 ,CID000024316,0,0
CID100000295,0.000012634 ,0.000273031,21.611031 ,CID100000295,0,0
CID000005892,0.000057850 ,0.001189826,20.567368 ,CID000005892,0,0
CID100000925,0.000057850 ,0.001189826,20.567368 ,CID100000925,0,0
CID100000888,0.000028565 ,0.000570771,19.981317 ,CID100000888,0,0
CID100000876,0.000034052 ,0.000667169,19.592706 ,CID100000876,0,0
CID100023978,0.000028964 ,0.000553607,19.113294 ,CID100023978,0,0
CID000023978,0.000028938 ,0.000552901,19.106130 ,CID000023978,0,0
CID100000961,0.000036576 ,0.000670142,18.322041 ,CID100000961,0,0
CID000000961,0.000036384 ,0.000665174,18.282007 ,CID000000961,0,0
CID000044072,0.000019290 ,0.000341338,17.695324 ,CID000044072,0,0
CID100044072,0.000019290 ,0.000341338,17.695324 ,CID100044072,0,0
CID100001153,0.000017680 ,0.000301212,17.037008 ,CID100001153,0,0
CID100000206,0.000131266 ,0.002088064,15.907069 ,CID100000206,0,0
CID000446849,0.000098735 ,0.001388138,14.059231 ,CID000446849,0,1
CID005280346,0.000119378 ,0.00166521,13.949051 ,CID005280346,0,0
CID000443955,0.000102458 ,0.001397975,13.644435 ,CID000443955,0,1
CID000006106,0.000057094 ,0.000760252,13.315707 ,CID000006106,0,0
CID100000175,0.000047968 ,0.000609843,12.713500 ,CID100000175,0,0
CID000001047,0.000012841 ,0.000160818,12.524158 ,CID000001047,0,0
CID100001047,0.000012841 ,0.000160818,12.524158 ,CID100001047,0,0
CID100000936,0.000011656 ,0.000145982,12.524158 ,CID100000936,0,0
CID100000937,0.000014357 ,0.000179808,12.524158 ,CID100000937,0,0
CID005311325,0.000012266 ,0.000145826,11.888227 ,CID005311325,0,0
CID100005056,0.000012266 ,0.000145826,11.888227 ,CID100005056,0,0
CID105280343,0.000012266 ,0.000145826,11.888227 ,CID105280343,0,0
CID105311325,0.000012266 ,0.000145826,11.888227 ,CID105311325,0,0
CID100000238,0.000773462 ,0.008986778,11.618902 ,CID100000238,0,0
CID100000119,0.000017845 ,0.000203023,11.377054 ,CID100000119,0,0
CID100000743,0.000006887 ,7.84E-05,11.377054 ,CID100000743,0,0
CID000001609,0.000175208 ,0.0019218,10.968657 ,CID000001609,0,1
CID000000923,0.000092901 ,0.000987204,10.626386 ,CID000000923,0,0
CID100000923,0.000092901 ,0.000987204,10.626386 ,CID100000923,0,0
CID100667490,0.000026944 ,0.00028388,10.535842 ,CID100667490,0,0
CID000000586,0.000048502 ,0.000463493,9.556216 ,CID000000586,0,0
CID000006288,0.000038562 ,0.000337019,8.739662 ,CID000006288,0,0
CID100000208,0.000060115 ,0.000494487,8.225621 ,CID100000208,0,0
CID003626837,0.000170103 ,0.001394872,8.200149 ,CID003626837,0,1
CID000445354,0.000028026 ,0.000226873,8.095088 ,CID000445354,0,0
CID100001071,0.000028115 ,0.000227597,8.095088 ,CID100001071,0,0
CID000001697,0.000183094 ,0.001441343,7.872149 ,CID000001697,0,1
CID100000440,0.000029687 ,0.000219525,7.394573 ,CID100000440,0,0
CID000091477,0.000028017 ,0.000203536,7.264688 ,CID000091477,0,0
CID100002537,0.000024786 ,0.000177613,7.165908 ,CID100002537,0,0
CID000060703,0.000196979 ,0.001385161,7.032017 ,CID000060703,0,1
CID100003255,0.000030445 ,0.000214035,7.030172 ,CID100003255,0,0
CID002921148,0.000196091 ,0.001371185,6.992596 ,CID002921148,0,1
CID000006057,0.000060671 ,0.000386114,6.364048 ,CID000006057,0,0
CID005284373,0.000505847 ,0.003212645,6.351024 ,CID005284373,0,1
CID000004615,0.000227558 ,0.001419284,6.237022 ,CID000004615,0,1
CID000001005,0.000046069 ,0.000275899,5.988841 ,CID000001005,0,0
CID100000985,0.000004504 ,2.58E-05,5.719177 ,CID100000985,0,0
CID100000187,0.000021717 ,0.000124206,5.719177 ,CID100000187,0,0
CID100000305,0.000028086 ,0.000160631,5.719177 ,CID100000305,0,0
CID000439427,0.000050667 ,0.000288751,5.698963 ,CID000439427,0,0
CID000064689,0.000061927 ,0.000352918,5.698963 ,CID000064689,0,0
CID100129887,0.000065029 ,0.000370597,5.698963 ,CID100129887,0,0
CID100006503,0.000071003 ,0.000404645,5.698963 ,CID100006503,0,0
CID000440938,0.000057791 ,0.000329347,5.698963 ,CID000440938,0,0
CID100440938,0.000057791 ,0.000329347,5.698963 ,CID100440938,0,0
CID100002735,0.000026843 ,0.000150449,5.604747 ,CID100002735,0,0
CID100003008,0.000026756 ,0.000149962,5.604747 ,CID100003008,0,0
CID004605800,0.000284050 ,0.001496245,5.267537 ,CID004605800,0,1
CID000002051,0.000496984 ,0.002495315,5.020915 ,CID000002051,0,1
CID003654103,0.000311902 ,0.001455159,4.665434 ,CID003654103,0,1
CID000028417,0.000311447 ,0.001449923,4.655436 ,CID000028417,0,1
CID006604000,0.000333490 ,0.00145868,4.373985 ,CID006604000,0,1
CID000667490,0.000091841 ,0.000382975,4.169954 ,CID000667490,0,0
CID000034755,0.000002503 ,1.04E-05,4.169953 ,CID000034755,0,0
CID100005035,0.000014666 ,6.08E-05,4.146388 ,CID100005035,0,0
CID100000764,0.000018760 ,7.78E-05,4.146388 ,CID100000764,0,0
CID100000190,0.000015425 ,6.40E-05,4.146388 ,CID100000190,0,0
CID100001175,0.000022284 ,9.24E-05,4.146388 ,CID100001175,0,0
CID100000790,0.000026595 ,0.000110271,4.146388 ,CID100000790,0,0
CID100001188,0.000026595 ,0.000110271,4.146388 ,CID100001188,0,0
CID000439153,0.001467458 ,0.005882058,4.008331 ,CID000439153,0,0
CID000023994,0.000775026 ,0.003035484,3.916623 ,CID000023994,0,0
CID000000647,0.000074246 ,0.000289952,3.905293 ,CID000000647,0,0
CID005702062,0.000405615 ,0.001565843,3.860416 ,CID005702062,0,1
CID000006503,0.000113186 ,0.00042869,3.787499 ,CID000006503,0,0
CID000003820,0.001079045 ,0.004082422,3.783365 ,CID000003820,0,1
CID006603792,0.000682752 ,0.002315548,3.391491 ,CID006603792,0,1
CID000004507,0.000478405 ,0.001593242,3.330323 ,CID000004507,0,1
CID000001015,0.000011346 ,3.39E-05,2.985364 ,CID000001015,0,0
CID000010531,0.000522252 ,0.001526575,2.923063 ,CID000010531,0,1
CID000068841,0.004366436 ,0.012621015,2.890461 ,CID000068841,1,0
CID000000983,0.000012927 ,3.37E-05,2.608546 ,CID000000983,0,0
CID000021307,0.000061417 ,0.000158698,2.583930 ,CID000021307,0,0
CID000006758,0.001001179 ,0.002563725,2.560707 ,CID000006758,1,0
CID000001238,0.000618600 ,0.001561808,2.524746 ,CID000001238,0,1
CID000008515,0.003376551 ,0.008369762,2.478790 ,CID000008515,1,0
CID000005768,0.000710970 ,0.001752897,2.465500 ,CID000005768,0,1
CID000003822,0.000673527 ,0.001589159,2.359457 ,CID000003822,0,1
CID001547484,0.000700416 ,0.001637641,2.338096 ,CID001547484,0,1
CID000009880,0.000905774 ,0.002075491,2.291401 ,CID000009880,0,1
CID000006306,0.000012612 ,2.80E-05,2.224065 ,CID000006306,0,0
CID000003194,0.001301991 ,0.002833989,2.176658 ,CID000003194,1,0
CID000445639,0.002209174 ,0.004732676,2.142283 ,CID000445639,1,0
CID000002170,0.000823440 ,0.001708364,2.074668 ,CID000002170,0,1
CID000444972,0.000171890 ,0.000353436,2.056181 ,CID000444972,0,0
CID000000096,0.000009581 ,1.97E-05,2.056181 ,CID000000096,0,0
CID000000564,0.001739033 ,0.003534208,2.032283 ,CID000000564,1,0
CID000001060,0.000179755 ,0.000355711,1.978860 ,CID000001060,0,0
CID000005957,0.008849809 ,0.017387511,1.964733 ,CID000005957,0,0
CID000439168,0.000212733 ,0.000417924,1.964547 ,CID000439168,0,0
CID000000668,0.000033310 ,6.35E-05,1.907786 ,CID000000668,0,0
CID000006274,0.000009015 ,1.67E-05,1.850640 ,CID000006274,0,0
CID000006112,0.000007085 ,1.31E-05,1.848204 ,CID000006112,0,0
CID000000970,0.000202484 ,0.000362562,1.790578 ,CID000000970,0,0
CID000005757,0.001547041 ,0.002729187,1.764134 ,CID000005757,0,1
CID000439278,0.000013891 ,2.42E-05,1.739857 ,CID000439278,0,0
CID000006305,0.002796136 ,0.004785044,1.711306 ,CID000006305,1,0
CID000006083,0.002448202 ,0.004178599,1.706803 ,CID000006083,0,0
CID000643975,0.000618068 ,0.001039871,1.682454 ,CID000643975,0,0
CID000006137,0.000606986 ,0.001020236,1.680822 ,CID000006137,0,0
CID000028693,0.001138125 ,0.001846278,1.622210 ,CID000028693,0,1
CID000001014,0.000046755 ,7.52E-05,1.609207 ,CID000001014,0,0
CID000000051,0.000574674 ,0.00086381,1.503132 ,CID000000051,0,0
CID005280335,0.001402317 ,0.002106673,1.502281 ,CID005280335,1,0
CID000445713,0.000024492 ,3.66E-05,1.495922 ,CID000445713,0,0
CID100000602,0.000016800 ,2.50E-05,1.486572 ,CID100000602,0,0
CID100003386,0.000050076 ,7.44E-05,1.486572 ,CID100003386,0,0
CID100000951,0.000031176 ,4.63E-05,1.486572 ,CID100000951,0,0
CID000000312,0.000025361 ,3.77E-05,1.486572 ,CID000000312,0,0
CID100000312,0.000025361 ,3.77E-05,1.486572 ,CID100000312,0,0
CID100000750,0.000017930 ,2.67E-05,1.486572 ,CID100000750,0,0
CID100000681,0.000038284 ,5.69E-05,1.486572 ,CID100000681,0,0
CID000000951,0.000023692 ,3.52E-05,1.486572 ,CID000000951,0,0
CID000000119,0.003465291 ,0.005129724,1.480316 ,CID000000119,1,0
CID000444412,0.000029704 ,4.39E-05,1.478163 ,CID000444412,0,0
CID005329098,0.001467939 ,0.002157297,1.469609 ,CID005329098,1,0
CID000001195,0.000018012 ,2.61E-05,1.447963 ,CID000001195,0,0
CID000445995,0.000017196 ,2.48E-05,1.440638 ,CID000445995,0,0
CID000171548,0.000044055 ,6.26E-05,1.420141 ,CID000171548,0,0
CID000001023,0.000014737 ,2.06E-05,1.399828 ,CID000001023,0,0
CID000007339,0.000154881 ,0.000206661,1.334328 ,CID000007339,0,0
CID000000937,0.000184614 ,0.000245818,1.331526 ,CID000000937,0,0
CID000006267,0.000036067 ,4.79E-05,1.327050 ,CID000006267,0,0
CID000193491,0.000006328 ,8.39E-06,1.325580 ,CID000193491,0,0
CID000001132,0.000264381 ,0.000349119,1.320517 ,CID000001132,0,0
CID000000743,0.000106645 ,0.000138227,1.296143 ,CID000000743,0,0
CID000443201,0.000007298 ,9.46E-06,1.295779 ,CID000443201,0,0
CID000262093,0.001140839 ,0.001473849,1.291899 ,CID000262093,1,0
CID000445160,0.000022069 ,2.82E-05,1.277748 ,CID000445160,0,0
CID000005035,0.000065174 ,8.16E-05,1.251627 ,CID000005035,0,0
CID000011915,0.000003582 ,4.42E-06,1.232795 ,CID000011915,0,0
CID000003957,0.001397891 ,0.001720807,1.231002 ,CID000003957,0,1
CID005312137,0.001730542 ,0.002116769,1.223183 ,CID005312137,1,0
CID000456214,0.001367537 ,0.00167266,1.223118 ,CID000456214,1,0
CID000001130,0.000011085 ,1.33E-05,1.202020 ,CID000001130,0,0
CID000065059,0.000036151 ,4.29E-05,1.185379 ,CID000065059,0,0
CID011957728,0.001186419 ,0.001375018,1.158966 ,CID011957728,1,0
CID000439744,0.001396008 ,0.001616678,1.158072 ,CID000439744,1,0
CID000001050,0.000019841 ,2.29E-05,1.154644 ,CID000001050,0,0
CID005353940,0.001840534 ,0.002103739,1.143005 ,CID005353940,1,0
CID000024360,0.001107883 ,0.001226086,1.106693 ,CID000024360,1,0
CID000000311,0.000424528 ,0.000462629,1.089750 ,CID000000311,0,0
CID000012544,0.000003511 ,3.65E-06,1.039901 ,CID000012544,0,0
CID000092824,0.000065652 ,6.81E-05,1.036771 ,CID000092824,0,0
CID000093072,0.000013178 ,1.34E-05,1.013896 ,CID000093072,0,0
CID000447145,0.000027910 ,2.80E-05,1.002855 ,CID000447145,0,0
CID000061503,0.000025193 ,2.47E-05,0.980697 ,CID000061503,0,0
CID000005960,0.004190288 ,0.004108014,0.980366 ,CID000005960,1,0
CID000000980,0.000016460 ,1.61E-05,0.979701 ,CID000000980,0,0
CID000439162,0.000009708 ,9.44E-06,0.972527 ,CID000439162,0,0
CID000009750,0.000025429 ,2.41E-05,0.947042 ,CID000009750,0,0
CID000005202,0.000131420 ,0.000124109,0.944369 ,CID000005202,0,0
CID100005202,0.000131420 ,0.000124109,0.944369 ,CID100005202,0,0
CID000000790,0.000222391 ,0.000205544,0.924245 ,CID000000790,0,0
CID000188350,0.000027709 ,2.55E-05,0.921768 ,CID000188350,0,0
CID000006322,0.003120043 ,0.002861379,0.917096 ,CID000006322,1,0
CID000000936,0.000344415 ,0.000312948,0.908637 ,CID000000936,0,0
CID000023925,0.000674091 ,0.000611358,0.906937 ,CID000023925,0,0
CID000160556,0.000019066 ,1.68E-05,0.881413 ,CID000160556,0,0
CID000000190,0.000200305 ,0.000169927,0.848339 ,CID000000190,0,0
CID000000702,0.000239103 ,0.000198608,0.830639 ,CID000000702,0,0
CID005289418,0.000041105 ,3.37E-05,0.819731 ,CID005289418,0,0
CID000160355,0.001911218 ,0.001558246,0.815316 ,CID000160355,1,0
CID000000888,0.002438128 ,0.001983684,0.813610 ,CID000000888,0,0
CID000493570,0.000011431 ,9.30E-06,0.813610 ,CID000493570,0,0
CID000439190,0.000011296 ,9.19E-06,0.813610 ,CID000439190,0,0
CID000001051,0.000260614 ,0.000210068,0.806050 ,CID000001051,0,0
CID000444795,0.003466940 ,0.002772131,0.799590 ,CID000444795,1,0
CID000000305,0.000423784 ,0.000336456,0.793933 ,CID000000305,0,0
CID000010917,0.000042230 ,3.35E-05,0.793933 ,CID000010917,0,0
CID000445154,0.002386720 ,0.001882786,0.788859 ,CID000445154,1,0
CID000145742,0.000252787 ,0.000198709,0.786075 ,CID000145742,0,0
CID000439236,0.000062443 ,4.89E-05,0.782330 ,CID000439236,0,0
CID000091552,0.000011537 ,9.00E-06,0.779681 ,CID000091552,0,0
CID000000490,0.000011688 ,8.84E-06,0.756357 ,CID000000490,0,0
CID000000764,0.000214129 ,0.000161083,0.752274 ,CID000000764,0,0
CID000005862,0.000272981 ,0.000204315,0.748458 ,CID000005862,0,0
CID000446357,0.000010786 ,7.92E-06,0.734624 ,CID000446357,0,0
CID000000171,0.000010750 ,7.90E-06,0.734624 ,CID000000171,0,0
CID000000546,0.001224571 ,0.000898872,0.734030 ,CID000000546,1,0
CID000006167,0.001709089 ,0.001232214,0.720977 ,CID000006167,1,0
CID000001175,0.000195072 ,0.000139904,0.717190 ,CID000001175,0,0
CID000001188,0.000278876 ,0.000198991,0.713548 ,CID000001188,0,0
CID000004971,0.001198108 ,0.000848967,0.708590 ,CID000004971,1,0
CID000439925,0.000027471 ,1.94E-05,0.705257 ,CID000439925,0,0
CID000006140,0.000155466 ,0.000109042,0.701389 ,CID000006140,0,0
CID000060961,0.004106577 ,0.002869653,0.698794 ,CID000060961,1,0
CID000448042,0.001042150 ,0.000715349,0.686417 ,CID000448042,1,0
CID000003386,0.000170354 ,0.000115905,0.680376 ,CID000003386,0,0
CID000005961,0.003325573 ,0.002262163,0.680232 ,CID000005961,1,0
CID000005753,0.002486071 ,0.00168972,0.679675 ,CID000005753,1,0
CID000005951,0.000212609 ,0.000144176,0.678128 ,CID000005951,0,0
CID000012560,0.000746747 ,0.000503763,0.674609 ,CID000012560,0,0
CID000000473,0.000061124 ,3.97E-05,0.649703 ,CID000000473,0,0
CID000000750,0.000588521 ,0.000377466,0.641382 ,CID000000750,0,0
CID000000249,0.000147518 ,9.42E-05,0.638583 ,CID000000249,0,0
CID000000760,0.000035566 ,2.27E-05,0.637445 ,CID000000760,0,0
CID000000187,0.000496961 ,0.000316476,0.636824 ,CID000000187,0,0
CID000134490,0.000019417 ,1.22E-05,0.625961 ,CID000134490,0,0
CID000004106,0.000078172 ,4.87E-05,0.623162 ,CID000004106,0,0
CID100004106,0.000078172 ,4.87E-05,0.623162 ,CID100004106,0,0
CID100003696,0.000076634 ,4.78E-05,0.623162 ,CID100003696,0,0
CID000000203,0.000045300 ,2.80E-05,0.617336 ,CID000000203,0,0
CID000005950,0.000305720 ,0.000188595,0.616889 ,CID000005950,0,0
CID000000126,0.000028037 ,1.70E-05,0.607819 ,CID000000126,0,0
CID000006262,0.000068691 ,4.12E-05,0.599989 ,CID000006262,0,0
CID000000801,0.000044316 ,2.53E-05,0.570041 ,CID000000801,0,0
CID000161165,0.000078656 ,4.48E-05,0.570041 ,CID000161165,0,0
CID000003696,0.000130653 ,7.30E-05,0.559072 ,CID000003696,0,0
CID000027447,0.001434068 ,0.000800909,0.558488 ,CID000027447,1,0
CID005280343,0.003982231 ,0.002171501,0.545297 ,CID005280343,1,0
CID005280934,0.000007355 ,4.01E-06,0.545297 ,CID005280934,0,0
CID000005833,0.002219582 ,0.00119982,0.540561 ,CID000005833,1,0
CID000005994,0.002236031 ,0.001196186,0.534960 ,CID000005994,1,0
CID000000681,0.000352435 ,0.00018807,0.533628 ,CID000000681,0,0
CID000644213,0.001672045 ,0.000883799,0.528573 ,CID000644213,1,0
CID000439260,0.000085814 ,4.38E-05,0.509892 ,CID000439260,0,0
CID000055245,0.002257707 ,0.00114927,0.509043 ,CID000055245,1,0
CID002733525,0.004346317 ,0.00220907,0.508263 ,CID002733525,1,0
CID000003108,0.001346929 ,0.000676697,0.502400 ,CID000003108,1,0
CID000000242,0.000097806 ,4.85E-05,0.496089 ,CID000000242,0,0
CID000036314,0.002210621 ,0.001078073,0.487679 ,CID000036314,1,0
CID005282379,0.001042018 ,0.000501374,0.481157 ,CID005282379,1,0
CID000004908,0.000052859 ,2.52E-05,0.477035 ,CID000004908,0,0
CID000003559,0.003072843 ,0.001465631,0.476963 ,CID000003559,1,0
CID000063009,0.000048619 ,2.29E-05,0.470214 ,CID000063009,0,0
CID000002771,0.000053155 ,2.50E-05,0.470214 ,CID000002771,0,0
CID000087916,0.000004345 ,1.99E-06,0.457891 ,CID000087916,0,0
CID000000529,0.000004618 ,2.11E-06,0.457891 ,CID000000529,0,0
CID000005815,0.000062825 ,2.87E-05,0.457197 ,CID000005815,0,0
CID000000867,0.000129373 ,5.91E-05,0.456687 ,CID000000867,0,0
CID000005754,0.002501313 ,0.001119699,0.447645 ,CID000005754,1,0
CID000065533,0.000105399 ,4.68E-05,0.444171 ,CID000065533,0,0
CID000001001,0.000056889 ,2.51E-05,0.441482 ,CID000001001,0,0
CID000073484,0.000899157 ,0.000394624,0.438882 ,CID000073484,1,0
CID000010607,0.001119377 ,0.0004899,0.437654 ,CID000010607,1,0
CID000005962,0.000200958 ,8.66E-05,0.431038 ,CID000005962,0,0
CID000006128,0.002359717 ,0.000993194,0.420895 ,CID000006128,1,0
CID000000283,0.000997629 ,0.000416276,0.417266 ,CID000000283,0,0
CID005281672,0.001383875 ,0.000567564,0.410127 ,CID005281672,1,0
CID005280445,0.001235954 ,0.0005064,0.409724 ,CID005280445,1,0
CID000456201,0.002346874 ,0.000953604,0.406330 ,CID000456201,1,0
CID000016230,0.001486961 ,0.000604161,0.406306 ,CID000016230,1,0
CID000039912,0.001205181 ,0.000473008,0.392479 ,CID000039912,1,0
CID000006013,0.000079166 ,3.10E-05,0.391550 ,CID000006013,0,0
CID000001103,0.000218621 ,8.49E-05,0.388398 ,CID000001103,0,0
CID000038103,0.001110752 ,0.000426435,0.383915 ,CID000038103,1,0
CID000003339,0.001255294 ,0.000471939,0.375959 ,CID000003339,1,0
CID000000753,0.000704021 ,0.000262932,0.373472 ,CID000000753,0,0
CID000000670,0.000005973 ,2.23E-06,0.373472 ,CID000000670,0,0
CID000006238,0.001516723 ,0.000549853,0.362527 ,CID000006238,1,0
CID000006005,0.001452169 ,0.000524311,0.361054 ,CID000006005,1,0
CID000001102,0.000060504 ,2.16E-05,0.356694 ,CID000001102,0,0
CID000003488,0.001161111 ,0.000412359,0.355142 ,CID000003488,1,0
CID000009427,0.000024175 ,8.41E-06,0.348054 ,CID000009427,0,0
CID000047936,0.001364399 ,0.000472769,0.346504 ,CID000047936,1,0
CID000002812,0.002206066 ,0.000760243,0.344615 ,CID000002812,1,0
CID000004650,0.001370233 ,0.000471123,0.343827 ,CID000004650,1,0
CID000002796,0.001168115 ,0.000395243,0.338360 ,CID000002796,1,0
CID000005870,0.001171437 ,0.000393626,0.336020 ,CID000005870,1,0
CID000000971,0.000016311 ,5.41E-06,0.331961 ,CID000000971,0,0
CID000065407,0.001960749 ,0.000646745,0.329846 ,CID000065407,1,0
CID000004212,0.001821036 ,0.000595218,0.326857 ,CID000004212,1,0
CID000006047,0.002198018 ,0.000714473,0.325053 ,CID000006047,1,0
CID005280443,0.001607252 ,0.00052189,0.324710 ,CID005280443,1,0
CID000001683,0.001605330 ,0.000521173,0.324651 ,CID000001683,1,0
CID000000985,0.000491888 ,0.000158441,0.322109 ,CID000000985,0,0
CID000044093,0.001279080 ,0.000411245,0.321516 ,CID000044093,1,0
CID000002818,0.003314050 ,0.001026729,0.309811 ,CID000002818,1,0
CID000000785,0.001559078 ,0.000482526,0.309495 ,CID000000785,1,0
CID000667594,0.001430975 ,0.000439889,0.307405 ,CID000667594,1,0
CID000000444,0.000012825 ,3.94E-06,0.307135 ,CID000000444,0,0
CID000000967,0.000138305 ,4.23E-05,0.305544 ,CID000000967,0,0
CID000005405,0.002055238 ,0.000622536,0.302902 ,CID000005405,1,0
CID005479530,0.000968143 ,0.000292296,0.301914 ,CID005479530,1,0
CID000060662,0.001351230 ,0.000405335,0.299975 ,CID000060662,1,0
CID005281847,0.001113558 ,0.00033353,0.299518 ,CID005281847,1,0
CID000071077,0.002223681 ,0.000662042,0.297723 ,CID000071077,1,0
CID000000070,0.000251977 ,7.46E-05,0.296219 ,CID000000070,0,0
CID000004485,0.001961196 ,0.000577528,0.294477 ,CID000004485,1,0
CID000000011,0.000079737 ,2.35E-05,0.294113 ,CID000000011,0,0
CID000445227,0.000782901 ,0.000229822,0.293552 ,CID000445227,1,0
CID000004551,0.001068202 ,0.000313536,0.293517 ,CID000004551,1,0
CID000004780,0.001348324 ,0.000395694,0.293471 ,CID000004780,1,0
CID000001174,0.000165568 ,4.78E-05,0.288619 ,CID000001174,0,0
CID000121880,0.001630707 ,0.00046951,0.287918 ,CID000121880,1,0
CID000119376,0.001594863 ,0.000449011,0.281536 ,CID000119376,1,0
CID000667639,0.000929438 ,0.000261454,0.281303 ,CID000667639,1,0
CID005328760,0.000922665 ,0.000257093,0.278642 ,CID005328760,1,0
CID000005382,0.000990476 ,0.000275853,0.278505 ,CID000005382,1,0
CID000001795,0.001412637 ,0.000390163,0.276195 ,CID000001795,1,0
CID000001456,0.001049182 ,0.00028684,0.273394 ,CID000001456,1,0
CID000124886,0.001370932 ,0.000373178,0.272207 ,CID000124886,0,0
CID000006287,0.000030084 ,8.15E-06,0.270981 ,CID000006287,0,0
CID000033032,0.002481260 ,0.000662367,0.266948 ,CID000033032,0,0
CID000005335,0.001332240 ,0.000353573,0.265397 ,CID000005335,1,0
CID005280961,0.001767610 ,0.000467378,0.264412 ,CID005280961,1,0
CID000006169,0.002068196 ,0.000544049,0.263055 ,CID000006169,1,0
CID000005546,0.000979689 ,0.000257315,0.262649 ,CID000005546,1,0
CID000054840,0.001840478 ,0.000472784,0.256881 ,CID000054840,1,0
CID005281787,0.001427409 ,0.00036499,0.255701 ,CID005281787,1,0
CID000005073,0.002978194 ,0.000760009,0.255191 ,CID000005073,1,0
CID000657378,0.002510997 ,0.000630307,0.251019 ,CID000657378,1,0
CID002733484,0.001261272 ,0.000311062,0.246626 ,CID002733484,1,0
CID000174174,0.001498340 ,0.000367136,0.245028 ,CID000174174,1,0
CID000005770,0.001724576 ,0.000420706,0.243947 ,CID000005770,1,0
CID000034359,0.001080064 ,0.000262853,0.243368 ,CID000034359,1,0
CID000000340,0.000029016 ,7.04E-06,0.242787 ,CID000000340,0,0
CID000000254,0.000026944 ,6.54E-06,0.242787 ,CID000000254,0,0
CID000440483,0.000021230 ,5.15E-06,0.242787 ,CID000440483,0,0
CID000004713,0.001532611 ,0.00036977,0.241268 ,CID000004713,1,0
CID000000086,0.000035428 ,8.47E-06,0.239183 ,CID000000086,0,0
CID000002998,0.001185499 ,0.000283029,0.238743 ,CID000002998,1,0
CID000004917,0.001675767 ,0.000396482,0.236597 ,CID000004917,1,0
CID000005983,0.001328938 ,0.000311842,0.234655 ,CID000005983,1,0
CID000027924,0.000991919 ,0.000231155,0.233039 ,CID000027924,1,0
CID000002063,0.000802066 ,0.000186125,0.232057 ,CID000002063,1,0
CID000002756,0.002051524 ,0.000471797,0.229974 ,CID000002756,1,0
CID000031100,0.001716742 ,0.000390301,0.227350 ,CID000031100,1,0
CID000001046,0.001141134 ,0.000258407,0.226447 ,CID000001046,1,0
CID000028864,0.001600905 ,0.000362511,0.226441 ,CID000028864,1,0
CID000009305,0.000167872 ,3.80E-05,0.226350 ,CID000009305,0,0
CID000439501,0.001512973 ,0.000341635,0.225804 ,CID000439501,1,0
CID000000049,0.000134401 ,2.96E-05,0.220262 ,CID000000049,0,0
CID000003715,0.003941932 ,0.000866971,0.219936 ,CID000003715,1,0
CID000004748,0.001504231 ,0.000329253,0.218885 ,CID000004748,1,0
CID000003117,0.001271889 ,0.00027605,0.217039 ,CID000003117,1,0
CID000439216,0.000085140 ,1.84E-05,0.216571 ,CID000439216,0,0
CID000716312,0.001129462 ,0.000241692,0.213988 ,CID000716312,1,0
CID000003151,0.001498945 ,0.000310404,0.207082 ,CID000003151,1,0
CID000104895,0.001575572 ,0.000323513,0.205331 ,CID000104895,1,0
CID011020241,0.000116921 ,2.39E-05,0.204386 ,CID011020241,0,0
CID000003883,0.001136505 ,0.000232057,0.204184 ,CID000003883,1,0
CID000003396,0.001656074 ,0.000337505,0.203799 ,CID000003396,1,0
CID000016362,0.001519126 ,0.000308035,0.202771 ,CID000016362,1,0
CID000005074,0.001439547 ,0.000285016,0.197990 ,CID000005074,1,0
CID000002344,0.001164510 ,0.000229226,0.196844 ,CID000002344,1,0
CID000003433,0.001098410 ,0.000213115,0.194022 ,CID000003433,1,0
CID000108137,0.000894715 ,0.000170054,0.190065 ,CID000108137,1,0
CID000202477,0.001265925 ,0.000240567,0.190033 ,CID000202477,1,0
CID000003758,0.001705923 ,0.00032402,0.189938 ,CID000003758,1,0
CID005283454,0.001395014 ,0.000260025,0.186396 ,CID005283454,1,0
CID005328779,0.000968443 ,0.000180437,0.186317 ,CID005328779,1,0
CID000002753,0.001150891 ,0.000214302,0.186205 ,CID000002753,1,0
CID000197067,0.001332659 ,0.000247184,0.185482 ,CID000197067,1,0
CID000004197,0.001299447 ,0.000237084,0.182450 ,CID000004197,1,0
CID000003168,0.001402168 ,0.000252126,0.179812 ,CID000003168,1,0
CID000003373,0.001097145 ,0.000197111,0.179658 ,CID000003373,1,0
CID000002137,0.001002748 ,0.00017697,0.176485 ,CID000002137,1,0
CID000004828,0.002322311 ,0.000405979,0.174817 ,CID000004828,1,0
CID003035905,0.001123755 ,0.000195876,0.174305 ,CID003035905,1,0
CID000005909,0.001062122 ,0.000183981,0.173221 ,CID000005909,1,0
CID000005268,0.001220735 ,0.000207747,0.170182 ,CID000005268,1,0
CID000003220,0.000924051 ,0.000155177,0.167932 ,CID000003220,1,0
CID000004592,0.000895711 ,0.000148695,0.166008 ,CID000004592,1,0
CID004659569,0.000156967 ,2.60E-05,0.165620 ,CID004659569,0,0
CID000000547,0.000977934 ,0.000160899,0.164529 ,CID000000547,1,0
CID000000896,0.002911686 ,0.000469115,0.161114 ,CID000000896,1,0
CID000107995,0.001933722 ,0.000307383,0.158959 ,CID000107995,1,0
CID006603857,0.000965333 ,0.000152825,0.158313 ,CID006603857,1,0
CID000001045,0.000202541 ,3.20E-05,0.158091 ,CID000001045,0,0
CID000002083,0.002377750 ,0.00037331,0.157001 ,CID000002083,1,0
CID000092136,0.001283337 ,0.000196761,0.153320 ,CID000092136,1,0
CID000004781,0.000936289 ,0.000143109,0.152847 ,CID000004781,1,0
CID000005420,0.000860676 ,0.000130484,0.151606 ,CID000005420,1,0
CID000001826,0.000910905 ,0.000138035,0.151536 ,CID000001826,1,0
CID006603748,0.000784542 ,0.000116576,0.148591 ,CID006603748,1,0
CID000004211,0.000979636 ,0.000145362,0.148383 ,CID000004211,1,0
CID000003825,0.001269407 ,0.000187118,0.147405 ,CID000003825,1,0
CID000005152,0.002049540 ,0.000298641,0.145711 ,CID000005152,1,0
CID000002519,0.002638551 ,0.000381127,0.144445 ,CID000002519,1,0
CID000105104,0.002039494 ,0.000291706,0.143029 ,CID000105104,1,0
CID000115348,0.001983675 ,0.000281999,0.142160 ,CID000115348,1,0
CID000079014,0.000068862 ,9.79E-06,0.142138 ,CID000079014,0,0
CID005311302,0.002091724 ,0.000294247,0.140672 ,CID005311302,1,0
CID000001917,0.002224710 ,0.000310725,0.139670 ,CID000001917,1,0
CID000003385,0.001041293 ,0.000144072,0.138359 ,CID000003385,1,0
CID000004847,0.001062774 ,0.000146985,0.138303 ,CID000004847,1,0
CID000443239,0.000926580 ,0.000127656,0.137772 ,CID000443239,1,0
CID000123683,0.002319778 ,0.000318306,0.137214 ,CID000123683,1,0
CID000002061,0.000907877 ,0.000123094,0.135584 ,CID000002061,1,0
CID000005640,0.001111172 ,0.000150274,0.135239 ,CID000005640,1,0
CID000123981,0.001082534 ,0.000146093,0.134954 ,CID000123981,1,0
CID000002153,0.002570502 ,0.000346676,0.134867 ,CID000002153,1,0
CID005328804,0.000920843 ,0.000122953,0.133522 ,CID005328804,1,0
CID000002690,0.002170390 ,0.000284441,0.131055 ,CID000002690,1,0
CID000001329,0.002702166 ,0.000352086,0.130298 ,CID000001329,1,0
CID000047576,0.000945689 ,0.00012265,0.129694 ,CID000047576,1,0
CID000176158,0.001039729 ,0.000133825,0.128711 ,CID000176158,1,0
CID000000903,0.001871434 ,0.000239603,0.128032 ,CID000000903,1,0
CID000133633,0.001135503 ,0.000142285,0.125306 ,CID000133633,1,0
CID000009700,0.000173547 ,2.17E-05,0.125085 ,CID000009700,0,0
CID000155806,0.000926800 ,0.000115657,0.124792 ,CID000155806,1,0
CID005328807,0.000905960 ,0.000112054,0.123685 ,CID005328807,1,0
CID003661570,0.001890297 ,0.000233579,0.123567 ,CID003661570,1,0
CID000022880,0.001144391 ,0.000141302,0.123474 ,CID000022880,1,0
CID005310992,0.001819507 ,0.00022098,0.121450 ,CID005310992,1,0
CID005288600,0.000909181 ,0.000110032,0.121024 ,CID005288600,1,0
CID000004943,0.001242195 ,0.000149657,0.120478 ,CID000004943,1,0
CID000000178,0.001085049 ,0.000128892,0.118789 ,CID000000178,1,0
CID000001922,0.002331249 ,0.000274181,0.117611 ,CID000001922,1,0
CID000001367,0.000909540 ,0.000105572,0.116071 ,CID000001367,1,0
CID000001727,0.000865409 ,9.99E-05,0.115459 ,CID000001727,1,0
CID000001775,0.000954231 ,0.000108342,0.113539 ,CID000001775,1,0
CID000002094,0.000815941 ,9.18E-05,0.112542 ,CID000002094,1,0
CID000010219,0.001130683 ,0.000124716,0.110301 ,CID000010219,1,0
CID000000289,0.001883732 ,0.000206309,0.109522 ,CID000000289,1,0
CID000000135,0.000040750 ,4.46E-06,0.109522 ,CID000000135,0,0
CID000006234,0.001078555 ,0.000115775,0.107343 ,CID000006234,1,0
CID000001779,0.001073603 ,0.000114044,0.106226 ,CID000001779,1,0
CID000003845,0.001036014 ,0.000109239,0.105442 ,CID000003845,1,0
CID005328773,0.000870077 ,9.01E-05,0.103535 ,CID005328773,1,0
CID000002435,0.001009543 ,0.000103729,0.102748 ,CID000002435,1,0
CID005328770,0.000870690 ,8.83E-05,0.101433 ,CID005328770,1,0
CID004210951,0.000955076 ,9.63E-05,0.100863 ,CID004210951,1,0
CID004350931,0.001021479 ,0.0001025,0.100344 ,CID004350931,1,0
CID000005092,0.001153119 ,0.000115074,0.099794 ,CID000005092,1,0
CID005328771,0.001075676 ,0.000106596,0.099097 ,CID005328771,1,0
CID000001678,0.000835353 ,8.25E-05,0.098753 ,CID000001678,1,0
CID000004495,0.001382289 ,0.000135643,0.098129 ,CID000004495,1,0
CID005328803,0.000975542 ,9.57E-05,0.098050 ,CID005328803,1,0
CID006518171,0.001062876 ,0.000102996,0.096903 ,CID006518171,1,0
CID000002244,0.001521201 ,0.000147005,0.096638 ,CID000002244,1,0
CID000003333,0.000913610 ,8.75E-05,0.095828 ,CID000003333,1,0
CID005329255,0.000861207 ,8.18E-05,0.094994 ,CID005329255,1,0
CID005353678,0.000863857 ,8.00E-05,0.092610 ,CID005353678,1,0
CID000002052,0.000970794 ,8.87E-05,0.091320 ,CID000002052,1,0
CID000005722,0.001089975 ,9.86E-05,0.090484 ,CID000005722,1,0
CID000003802,0.000965720 ,8.72E-05,0.090282 ,CID000003802,1,0
CID054682505,0.001005823 ,9.07E-05,0.090170 ,CID054682505,1,0
CID000173870,0.000993686 ,8.89E-05,0.089437 ,CID000173870,1,0
CID000688095,0.000991206 ,8.85E-05,0.089297 ,CID000688095,1,0
CID000688272,0.000950244 ,8.41E-05,0.088542 ,CID000688272,1,0
CID003277600,0.000918548 ,8.11E-05,0.088257 ,CID003277600,1,0
CID000033624,0.001010957 ,8.72E-05,0.086302 ,CID000033624,1,0
CID000001066,0.000928252 ,7.96E-05,0.085794 ,CID000001066,1,0
CID000004051,0.001326687 ,0.000109764,0.082736 ,CID000004051,1,0
CID000004740,0.001729749 ,0.000139705,0.080766 ,CID000004740,1,0
CID000667645,0.000840964 ,6.78E-05,0.080669 ,CID000667645,1,0
CID004306515,0.001294733 ,0.000103757,0.080138 ,CID004306515,1,0
CID000001845,0.000963148 ,7.56E-05,0.078527 ,CID000001845,1,0
CID005281708,0.000830995 ,6.48E-05,0.077919 ,CID005281708,1,0
CID000005070,0.000846675 ,6.43E-05,0.075914 ,CID000005070,1,0
CID000005723,0.001018643 ,7.72E-05,0.075811 ,CID000005723,1,0
CID000005626,0.000885507 ,6.70E-05,0.075612 ,CID000005626,1,0
CID000005087,0.001011368 ,7.52E-05,0.074369 ,CID000005087,1,0
CID000941651,0.000881614 ,6.52E-05,0.073935 ,CID000941651,1,0
CID000002143,0.000873878 ,6.43E-05,0.073534 ,CID000002143,1,0
CID006160690,0.000880796 ,6.41E-05,0.072719 ,CID006160690,1,0
CID000004671,0.001055540 ,7.56E-05,0.071620 ,CID000004671,1,0
CID000001794,0.000858597 ,6.10E-05,0.071055 ,CID000001794,1,0
CID005289501,0.000887538 ,6.29E-05,0.070852 ,CID005289501,1,0
CID011957726,0.000874010 ,6.10E-05,0.069771 ,CID011957726,1,0
CID000004122,0.001244465 ,8.66E-05,0.069563 ,CID000004122,1,0
CID000003308,0.001171515 ,8.06E-05,0.068820 ,CID000003308,1,0
CID000854019,0.000892285 ,6.06E-05,0.067913 ,CID000854019,1,0
CID000084003,0.001159990 ,7.84E-05,0.067578 ,CID000084003,1,0
CID000446378,0.000941757 ,6.29E-05,0.066798 ,CID000446378,1,0
CID005353432,0.000924451 ,6.09E-05,0.065903 ,CID005353432,1,0
CID000003661,0.000889722 ,5.86E-05,0.065876 ,CID000003661,1,0
CID006095481,0.000817138 ,5.35E-05,0.065474 ,CID006095481,1,0
CID000123679,0.000865474 ,5.60E-05,0.064703 ,CID000123679,1,0
CID000003671,0.000951450 ,5.82E-05,0.061154 ,CID000003671,1,0
CID000005368,0.000949367 ,5.79E-05,0.061036 ,CID000005368,1,0
CID000003899,0.000860250 ,5.16E-05,0.059973 ,CID000003899,1,0
CID006604009,0.001019645 ,5.98E-05,0.058657 ,CID006604009,1,0
CID000003440,0.001142912 ,6.69E-05,0.058534 ,CID000003440,1,0
CID000736715,0.001139701 ,6.63E-05,0.058145 ,CID000736715,1,0
CID000439280,0.000918432 ,5.25E-05,0.057185 ,CID000439280,1,0
CID000001123,0.001213627 ,6.92E-05,0.056991 ,CID000001123,1,0
CID000132846,0.001007015 ,5.71E-05,0.056727 ,CID000132846,1,0
CID000001730,0.000981662 ,5.49E-05,0.055963 ,CID000001730,1,0
CID000132837,0.001001568 ,5.59E-05,0.055859 ,CID000132837,1,0
CID000004362,0.001462369 ,8.12E-05,0.055536 ,CID000004362,1,0
CID000443390,0.000828287 ,4.46E-05,0.053905 ,CID000443390,1,0
CID000002141,0.000837041 ,4.42E-05,0.052771 ,CID000002141,1,0
CID003392731,0.001021586 ,5.21E-05,0.050988 ,CID003392731,1,0
CID000004216,0.001120099 ,5.66E-05,0.050506 ,CID000004216,1,0
CID006603901,0.000998273 ,4.92E-05,0.049270 ,CID006603901,1,0
CID006604858,0.000959554 ,4.69E-05,0.048895 ,CID006604858,1,0
CID000002708,0.001166613 ,5.61E-05,0.048066 ,CID000002708,1,0
CID005940264,0.001302394 ,5.89E-05,0.045263 ,CID005940264,1,0
CID005472495,0.001012167 ,4.34E-05,0.042891 ,CID005472495,1,0
CID000001738,0.000871125 ,3.73E-05,0.042854 ,CID000001738,1,0
CID000002763,0.000957001 ,3.90E-05,0.040722 ,CID000002763,1,0
CID000040539,0.002161958 ,8.60E-05,0.039781 ,CID000040539,1,0
CID000002436,0.000886646 ,3.47E-05,0.039130 ,CID000002436,1,0
CID005353365,0.001070105 ,4.14E-05,0.038680 ,CID005353365,1,0
CID000031728,0.000887917 ,3.37E-05,0.037908 ,CID000031728,1,0
CID052947716,0.000862104 ,3.25E-05,0.037695 ,CID052947716,1,0
CID000001868,0.000799636 ,2.97E-05,0.037193 ,CID000001868,1,0
CID000000650,0.000885287 ,3.28E-05,0.037017 ,CID000000650,1,0
CID000003213,0.001035499 ,3.71E-05,0.035792 ,CID000003213,1,0
CID003083544,0.000870140 ,3.07E-05,0.035276 ,CID003083544,1,0
CID005282106,0.000793705 ,2.67E-05,0.033580 ,CID005282106,1,0
CID000167529,0.000965745 ,3.23E-05,0.033416 ,CID000167529,1,0
CID000003689,0.000919182 ,3.05E-05,0.033201 ,CID000003689,1,0
CID000172306,0.000946250 ,3.12E-05,0.033011 ,CID000172306,1,0
CID000010255,0.002029727 ,6.12E-05,0.030151 ,CID000010255,1,0
CID000089034,0.000856205 ,2.54E-05,0.029690 ,CID000089034,1,0
CID003495594,0.000861037 ,2.53E-05,0.029437 ,CID003495594,1,0
CID000001567,0.000095034 ,2.78E-06,0.029296 ,CID000001567,0,0
CID000006081,0.000824218 ,2.36E-05,0.028677 ,CID000006081,1,0
CID000003727,0.000989625 ,2.84E-05,0.028656 ,CID000003727,1,0
CID000001564,0.000926158 ,2.65E-05,0.028628 ,CID000001564,1,0
CID005312115,0.000839870 ,2.33E-05,0.027752 ,CID005312115,1,0
CID000005520,0.001048836 ,2.89E-05,0.027537 ,CID000005520,1,0
CID000657346,0.001100602 ,3.01E-05,0.027317 ,CID000657346,1,0
CID000004497,0.000924239 ,2.52E-05,0.027247 ,CID000004497,1,0
CID000107883,0.001236039 ,3.34E-05,0.027031 ,CID000107883,1,0
CID000004488,0.000956517 ,2.54E-05,0.026572 ,CID000004488,1,0
CID000065063,0.000276959 ,7.27E-06,0.026251 ,CID000065063,0,0
CID000009363,0.000979837 ,2.55E-05,0.026020 ,CID000009363,1,0
CID004273754,0.001148065 ,2.93E-05,0.025560 ,CID004273754,1,0
CID000036462,0.001659065 ,4.22E-05,0.025455 ,CID000036462,1,0
CID005311432,0.001124622 ,2.85E-05,0.025372 ,CID005311432,1,0
CID000031307,0.000863729 ,2.18E-05,0.025256 ,CID000031307,1,0
CID005310987,0.001010390 ,2.53E-05,0.025014 ,CID005310987,1,0
CID000002071,0.001068770 ,2.65E-05,0.024819 ,CID000002071,1,0
CID000055651,0.000858390 ,2.13E-05,0.024763 ,CID000055651,1,0
CID000443586,0.001100369 ,2.72E-05,0.024731 ,CID000443586,1,0
CID005282230,0.001011398 ,2.47E-05,0.024447 ,CID005282230,1,0
CID000042890,0.001190630 ,2.90E-05,0.024396 ,CID000042890,1,0
CID000005593,0.000813092 ,1.98E-05,0.024337 ,CID000005593,1,0
CID000003623,0.000812630 ,1.97E-05,0.024191 ,CID000003623,1,0
CID000003878,0.000795265 ,1.87E-05,0.023482 ,CID000003878,1,0
CID000089105,0.000827889 ,1.93E-05,0.023326 ,CID000089105,1,0
CID000689043,0.001370573 ,3.17E-05,0.023143 ,CID000689043,1,0
CID000000979,0.000055970 ,1.30E-06,0.023143 ,CID000000979,0,0
CID006603710,0.000806716 ,1.86E-05,0.023115 ,CID006603710,1,0
CID000451991,0.000910381 ,2.09E-05,0.023008 ,CID000451991,1,0
CID000004993,0.000108060 ,2.45E-06,0.022629 ,CID000004993,0,0
CID005311430,0.000851084 ,1.88E-05,0.022095 ,CID005311430,1,0
CID000065752,0.000840047 ,1.81E-05,0.021582 ,CID000065752,1,0
CID000004614,0.000836165 ,1.74E-05,0.020818 ,CID000004614,1,0
CID000001986,0.001587902 ,3.27E-05,0.020607 ,CID000001986,1,0
CID000161930,0.001068857 ,2.19E-05,0.020486 ,CID000161930,1,0
CID000104858,0.000842666 ,1.72E-05,0.020431 ,CID000104858,1,0
CID000008974,0.001058796 ,2.07E-05,0.019567 ,CID000008974,1,0
CID000104762,0.000794716 ,1.51E-05,0.018971 ,CID000104762,1,0
CID000638278,0.000856202 ,1.58E-05,0.018404 ,CID000638278,1,0
CID006324664,0.000988159 ,1.79E-05,0.018110 ,CID006324664,1,0
CID000447196,0.001504041 ,2.64E-05,0.017530 ,CID000447196,1,0
CID000108068,0.000819345 ,1.43E-05,0.017427 ,CID000108068,1,0
CID000002331,0.001422922 ,2.46E-05,0.017265 ,CID000002331,1,0
CID000001645,0.001513572 ,2.55E-05,0.016816 ,CID000001645,1,0
CID003006531,0.001141610 ,1.91E-05,0.016732 ,CID003006531,1,0
CID000001853,0.001259011 ,2.09E-05,0.016599 ,CID000001853,1,0
CID000107812,0.000848018 ,1.36E-05,0.016052 ,CID000107812,1,0
CID000003657,0.001004002 ,1.61E-05,0.016038 ,CID000003657,1,0
CID000004386,0.001004002 ,1.61E-05,0.016038 ,CID000004386,1,0
CID005469318,0.001133098 ,1.73E-05,0.015262 ,CID005469318,1,0
CID001838043,0.000963721 ,1.41E-05,0.014679 ,CID001838043,1,0
CID000003639,0.001263073 ,1.78E-05,0.014102 ,CID000003639,1,0
CID000003397,0.000789493 ,1.10E-05,0.013898 ,CID000003397,1,0
CID002987927,0.001041415 ,1.42E-05,0.013614 ,CID002987927,1,0
CID000004397,0.000973782 ,1.32E-05,0.013569 ,CID000004397,1,0
CID000002266,0.000810287 ,1.04E-05,0.012826 ,CID000002266,1,0
CID000439202,0.001469479 ,1.87E-05,0.012711 ,CID000439202,1,0
CID000101615,0.000959383 ,1.07E-05,0.011185 ,CID000101615,1,0
CID000021157,0.000886903 ,9.49E-06,0.010701 ,CID000021157,1,0
CID000002415,0.000909615 ,9.28E-06,0.010206 ,CID000002415,1,0
CID000001967,0.001204532 ,1.19E-05,0.009857 ,CID000001967,1,0
CID005354033,0.000935012 ,9.18E-06,0.009818 ,CID005354033,1,0
CID003651377,0.001077076 ,1.04E-05,0.009612 ,CID003651377,1,0
CID000001893,0.001220111 ,1.15E-05,0.009395 ,CID000001893,1,0
CID004172142,0.000804697 ,7.42E-06,0.009220 ,CID004172142,1,0
CID000005697,0.001216621 ,1.11E-05,0.009105 ,CID000005697,1,0
CID000023190,0.000914834 ,7.78E-06,0.008504 ,CID000023190,1,0
CID000005142,0.001110778 ,8.86E-06,0.007978 ,CID000005142,1,0
CID000126941,0.001227309 ,9.73E-06,0.007924 ,CID000126941,1,0
CID002733514,0.001101060 ,8.69E-06,0.007892 ,CID002733514,1,0
CID000015818,0.000796337 ,6.26E-06,0.007858 ,CID000015818,1,0
CID000001328,0.001125320 ,8.75E-06,0.007778 ,CID000001328,1,0
CID000001649,0.001084884 ,8.32E-06,0.007669 ,CID000001649,1,0
CID000002733,0.001077796 ,8.15E-06,0.007559 ,CID000002733,1,0
CID000003446,0.001087068 ,8.14E-06,0.007486 ,CID000003446,1,0
CID000135313,0.000779384 ,5.78E-06,0.007415 ,CID000135313,1,0
CID000064715,0.000982439 ,7.18E-06,0.007313 ,CID000064715,1,0
CID000005059,0.001034230 ,7.50E-06,0.007248 ,CID000005059,1,0
CID005311198,0.000789866 ,5.65E-06,0.007151 ,CID005311198,1,0
CID000003132,0.001428866 ,1.02E-05,0.007106 ,CID000003132,1,0
CID005353454,0.001011795 ,6.92E-06,0.006839 ,CID005353454,1,0
CID000101430,0.000825093 ,5.57E-06,0.006752 ,CID000101430,1,0
CID000004938,0.001088283 ,7.11E-06,0.006536 ,CID000004938,1,0
CID000004477,0.001063425 ,6.82E-06,0.006409 ,CID000004477,1,0
CID000001330,0.001015329 ,6.34E-06,0.006241 ,CID000001330,1,0
CID000440053,0.001128458 ,6.79E-06,0.006018 ,CID000440053,1,0
CID000060839,0.000765322 ,4.39E-06,0.005739 ,CID000060839,1,0
CID000164437,0.000984836 ,5.63E-06,0.005715 ,CID000164437,1,0
CID006603931,0.000981486 ,5.55E-06,0.005655 ,CID006603931,1,0
CID000092381,0.001355011 ,7.65E-06,0.005646 ,CID000092381,1,0
CID005372720,0.001212843 ,6.80E-06,0.005607 ,CID005372720,1,0
CID000002196,0.001140037 ,6.19E-06,0.005429 ,CID000002196,1,0
CID000001908,0.000968753 ,5.25E-06,0.005424 ,CID000001908,1,0
CID000002910,0.001069063 ,5.50E-06,0.005147 ,CID000002910,1,0
CID000005578,0.000930543 ,4.79E-06,0.005144 ,CID000005578,1,0
CID010391971,0.000947308 ,4.76E-06,0.005021 ,CID010391971,1,0
CID000099562,0.000944627 ,4.69E-06,0.004969 ,CID000099562,1,0
CID000133012,0.000943957 ,4.68E-06,0.004956 ,CID000133012,1,0
CID000001676,0.000937925 ,4.54E-06,0.004839 ,CID000001676,1,0
CID000065710,0.000930889 ,4.37E-06,0.004700 ,CID000065710,1,0
CID000003442,0.001134226 ,5.22E-06,0.004602 ,CID000003442,1,0
CID000004843,0.001059349 ,4.79E-06,0.004519 ,CID000004843,1,0
CID006603828,0.001049949 ,4.69E-06,0.004463 ,CID006603828,1,0
CID006105572,0.000913129 ,3.96E-06,0.004339 ,CID006105572,1,0
CID003035523,0.001099634 ,4.76E-06,0.004328 ,CID003035523,1,0
CID006708701,0.001294905 ,5.56E-06,0.004296 ,CID006708701,1,0
CID000001864,0.000894445 ,3.78E-06,0.004223 ,CID000001864,1,0
CID000001720,0.001199724 ,5.06E-06,0.004218 ,CID000001720,1,0
CID000003885,0.000805688 ,3.32E-06,0.004124 ,CID000003885,1,0
CID000161713,0.000902407 ,3.71E-06,0.004115 ,CID000161713,1,0
CID009951825,0.000823603 ,3.38E-06,0.004107 ,CID009951825,1,0
CID009952135,0.000899726 ,3.65E-06,0.004058 ,CID009952135,1,0
CID000004552,0.001111767 ,4.33E-06,0.003894 ,CID000004552,1,0
CID000009782,0.000762276 ,2.71E-06,0.003553 ,CID000009782,1,0
CID000001340,0.001073439 ,3.75E-06,0.003497 ,CID000001340,1,0
CID009841284,0.000868899 ,2.93E-06,0.003377 ,CID009841284,1,0
CID011957581,0.000852348 ,2.87E-06,0.003364 ,CID011957581,1,0
CID000012852,0.000864543 ,2.83E-06,0.003277 ,CID000012852,1,0
CID000003893,0.000333833 ,9.45E-07,0.002832 ,CID000003893,0,0
CID000222786,0.000989484 ,2.66E-06,0.002688 ,CID000222786,1,0
CID006278000,0.000782659 ,2.00E-06,0.002551 ,CID006278000,1,0
CID005281004,0.001378331 ,3.17E-06,0.002302 ,CID005281004,1,0
CID000439647,0.001263112 ,2.62E-06,0.002072 ,CID000439647,1,0
CID011957499,0.001390984 ,2.84E-06,0.002041 ,CID011957499,1,0
CID000099625,0.001214596 ,2.34E-06,0.001924 ,CID000099625,1,0
CID004046493,0.000799203 ,1.32E-06,0.001646 ,CID004046493,1,0
CID000004401,0.000797192 ,1.27E-06,0.001592 ,CID000004401,1,0
CID000005944,0.001996559 ,2.28E-06,0.001142 ,CID000005944,1,0
CID000005522,0.000815491 ,8.78E-07,0.001077 ,CID000005522,1,0
CID000445629,0.000966087 ,6.33E-07,0.000655 ,CID000445629,1,0
CID000002544,0.001043244 ,3.15E-08,0.000030 ,CID000002544,1,0